date,jdate,high,low,open,close,volume
4/20/2020,1399-02-01,709012,691277,691277,708995,6775869348
4/21/2020,1399-02-02,726964,716060,716060,726137,6766131536
4/22/2020,1399-02-03,741952,729307,729307,741902,5832074074
4/25/2020,1399-02-06,770549,750464,750464,769373,3268853466
4/26/2020,1399-02-07,798105,780468,780468,797813,8728022060
4/27/2020,1399-02-08,820534,806172,806172,820505,7008109176
4/28/2020,1399-02-09,846008,830580,830580,845952,6391503110
4/29/2020,1399-02-10,878434,853992,853992,878094,4435490859
5/2/2020,1399-02-13,917501,892690,892690,917406,3561666228
5/3/2020,1399-02-14,964308,932736,932736,956200,5252148608
5/4/2020,1399-02-15,979106,956324,956324,979105,9435375771
5/5/2020,1399-02-16,995966,978019,992991,980571,18441732371
5/6/2020,1399-02-17,980515,965587,980515,977924,12207169240
5/9/2020,1399-02-20,1020910,990339,990339,1020218,6121409736
5/10/2020,1399-02-21,1044560,1033830,1033830,1043253,5912743990
5/11/2020,1399-02-22,1048820,1043070,1048820,1047763,7000008924
5/12/2020,1399-02-23,1045500,1020310,1045500,1021445,22026888743
5/13/2020,1399-02-24,1026060,1008010,1009360,1017662,16262242442
5/16/2020,1399-02-27,1016653,982410,1016653,987475,5506646850
5/17/2020,1399-02-28,979444,964004,979444,968460,10369705009
5/18/2020,1399-02-29,995184,978644,978644,995181,11443245251
5/19/2020,1399-02-30,1008560,1000870,1004700,1002125,8732531148
5/20/2020,1399-02-31,996750,985119,996630,986759,9267146855
5/23/2020,1399-03-03,986677,959306,986677,959840,11365797623
5/26/2020,1399-03-06,946195,926121,946195,926133,7377826258
5/27/2020,1399-03-07,938557,913435,913866,938550,11156199580
5/30/2020,1399-03-10,973495,939162,939162,973495,7108519719
5/31/2020,1399-03-11,987440,970270,983773,970413,12219515758
6/1/2020,1399-03-12,988120,971214,971583,988121,8803129433
6/2/2020,1399-03-13,1028530,996019,996019,1028538,10498413248
6/6/2020,1399-03-17,1068860,1046170,1046170,1068844,8921162776
6/7/2020,1399-03-18,1116280,1090970,1090970,1116187,6664794532
6/8/2020,1399-03-19,1127890,1114200,1121810,1118912,10434326227
6/9/2020,1399-03-20,1129080,1117340,1117340,1118118,9106492978
6/10/2020,1399-03-21,1153670,1127560,1127560,1153680,10191255302
6/13/2020,1399-03-24,1190500,1174020,1174020,1189807,7411217143
6/14/2020,1399-03-25,1201870,1178410,1201870,1185377,12626895539
6/15/2020,1399-03-26,1205650,1191070,1191070,1200121,7828202921
6/16/2020,1399-03-27,1229700,1204110,1204110,1229702,6261831081
6/20/2020,1399-03-31,1270600,1244900,1244900,1270603,5981561776
6/21/2020,1399-04-01,1300830,1292660,1292660,1300828,11160501191
6/22/2020,1399-04-02,1341530,1315830,1315830,1341532,8995572496
6/23/2020,1399-04-03,1391810,1364210,1364210,1391041,6410103386
6/24/2020,1399-04-04,1419430,1393580,1393580,1419439,5866572950
6/27/2020,1399-04-07,1466280,1436090,1436090,1466276,5386512550
6/28/2020,1399-04-08,1499890,1487660,1492710,1491952,15702101123
6/29/2020,1399-04-09,1481920,1460440,1476890,1481924,11969542093
6/30/2020,1399-04-10,1546850,1502960,1502960,1546850,5424660373
7/1/2020,1399-04-11,1612880,1577660,1577660,1612882,8424169276
7/4/2020,1399-04-14,1645260,1618820,1635660,1621368,13518558466
7/5/2020,1399-04-15,1655400,1620210,1624700,1655407,9076880721
7/6/2020,1399-04-16,1740870,1676370,1676370,1718350,5961887328
7/7/2020,1399-04-17,1748000,1734850,1734850,1747078,8769615327
7/8/2020,1399-04-18,1767010,1752520,1757560,1753678,14166076996
7/11/2020,1399-04-21,1741290,1719030,1726650,1741296,9087138878
7/12/2020,1399-04-22,1814830,1763460,1763460,1812832,10232084300
7/13/2020,1399-04-23,1822110,1799810,1812680,1822117,11451636537
7/14/2020,1399-04-24,1846160,1835130,1842380,1844860,8360271153
7/15/2020,1399-04-25,1845120,1838570,1840420,1841696,13503057383
7/18/2020,1399-04-28,1822650,1809030,1822650,1809147,7171367853
7/19/2020,1399-04-29,1864940,1797980,1797980,1864946,12659176002
7/20/2020,1399-04-30,1924880,1893780,1893780,1924798,7913995501
7/21/2020,1399-04-31,1920180,1901240,1920180,1916202,7836520240
7/22/2020,1399-05-01,1909690,1888590,1909690,1901169,6285974263
7/25/2020,1399-05-04,1953150,1932780,1932780,1952921,8981609217
7/26/2020,1399-05-05,1964180,1935960,1957560,1946134,8083273619
7/27/2020,1399-05-06,1933940,1900330,1924540,1933944,13331170649
7/28/2020,1399-05-07,1973490,1941150,1946460,1941157,13084373726
7/29/2020,1399-05-08,1924080,1899580,1924080,1904316,9197300428
8/1/2020,1399-05-11,1961640,1912600,1912600,1961649,9998721899
8/2/2020,1399-05-12,2013730,1961620,1961620,2011493,12610040235
8/3/2020,1399-05-13,2015420,1987590,2011870,1993328,7979094697
8/4/2020,1399-05-14,1995030,1986390,1986390,1995037,11558926385
8/5/2020,1399-05-15,2034210,2011980,2011980,2034187,8408247779
8/9/2020,1399-05-19,2083190,2068820,2068820,2078512,8358613968
8/10/2020,1399-05-20,2103310,2064650,2100700,2065112,11027604126
8/11/2020,1399-05-21,2039800,1999370,2039800,1999854,6183853347
8/12/2020,1399-05-22,2039460,1975290,2018690,1975545,8851849877
8/15/2020,1399-05-25,1944790,1902980,1944790,1903259,5560625292
8/16/2020,1399-05-26,1880840,1813550,1880840,1813574,4652454776
8/17/2020,1399-05-27,1815690,1794310,1799780,1815696,13066013650
8/18/2020,1399-05-28,1856530,1825350,1838800,1825354,11055218501
8/19/2020,1399-05-29,1812310,1756870,1812310,1757258,3923830325
8/22/2020,1399-06-01,1779560,1727220,1773450,1727265,8792057004
8/23/2020,1399-06-02,1710590,1662200,1710590,1662205,5504613157
8/24/2020,1399-06-03,1650690,1607250,1650690,1608544,9709942568
8/25/2020,1399-06-04,1650470,1621980,1621980,1650026,8353636864
8/26/2020,1399-06-05,1718760,1676640,1676640,1718763,3534573792
8/31/2020,1399-06-10,1762480,1727940,1753400,1727953,14841558644
9/1/2020,1399-06-11,1714960,1684730,1714960,1684741,4779935604
9/2/2020,1399-06-12,1660890,1631880,1660890,1631884,3849817286
9/5/2020,1399-06-15,1645280,1639170,1642190,1642038,9324762063
9/6/2020,1399-06-16,1669270,1647850,1660680,1647855,9062889130
9/7/2020,1399-06-17,1631690,1607210,1631690,1607212,3802198262
9/8/2020,1399-06-18,1587000,1570040,1587000,1570049,854599940
9/9/2020,1399-06-19,1556320,1546140,1552590,1556315,7076966915
9/12/2020,1399-06-22,1590460,1571480,1571480,1583747,4769372602
9/13/2020,1399-06-23,1593270,1574730,1584160,1578186,8297021386
9/14/2020,1399-06-24,1607490,1584450,1584450,1607491,7006506716
9/15/2020,1399-06-25,1667250,1633040,1633040,1664559,7401427233
9/16/2020,1399-06-26,1712040,1694530,1694530,1704099,14309953540
9/19/2020,1399-06-29,1712990,1686000,1699170,1699506,10078131174
9/20/2020,1399-06-30,1690720,1652240,1689630,1652249,5180391292
9/21/2020,1399-06-31,1619660,1595140,1619660,1595148,2682979522
9/22/2020,1399-07-01,1594180,1566520,1592670,1581206,9717365984
9/23/2020,1399-07-02,1621850,1596230,1596230,1611452,10684307910
9/26/2020,1399-07-05,1634890,1615650,1625530,1615678,6249270204
9/27/2020,1399-07-06,1599240,1572140,1599240,1572158,2905804409
9/28/2020,1399-07-07,1551440,1515930,1551440,1515933,1412448360
9/29/2020,1399-07-08,1497840,1483580,1497840,1492902,8873748832
9/30/2020,1399-07-09,1503410,1488990,1500810,1503413,8102307751
10/3/2020,1399-07-12,1546150,1513270,1513270,1546147,6394935945
10/4/2020,1399-07-13,1548960,1522930,1548960,1522938,13210031649
10/5/2020,1399-07-14,1504150,1489780,1504150,1490154,8485480921
10/6/2020,1399-07-15,1514710,1496050,1496050,1514699,5573399468
10/7/2020,1399-07-16,1541920,1526810,1526810,1540707,7400760074
10/10/2020,1399-07-19,1542110,1534050,1541130,1541843,6259120105
10/11/2020,1399-07-20,1600200,1554820,1554820,1597045,11768804405
10/12/2020,1399-07-21,1595960,1579320,1590290,1579566,15160828269
10/13/2020,1399-07-22,1588790,1570970,1583010,1579633,10722141530
10/14/2020,1399-07-23,1580970,1560560,1580970,1561451,5884201996
10/18/2020,1399-07-27,1548210,1514230,1548210,1514244,3337279128
10/19/2020,1399-07-28,1493940,1462380,1493940,1462382,1484911996
10/20/2020,1399-07-29,1450620,1419310,1450620,1419312,3401250927
10/21/2020,1399-07-30,1431080,1412280,1422830,1412300,10170446314
10/24/2020,1399-08-03,1396480,1374040,1396480,1374049,2569014788
10/26/2020,1399-08-05,1360240,1336580,1360240,1336583,6000059539
10/27/2020,1399-08-06,1329450,1301730,1329450,1301959,4618914028
10/28/2020,1399-08-07,1288340,1278840,1285520,1288286,5610643243
10/31/2020,1399-08-10,1312180,1294990,1294990,1305979,6504434829
11/1/2020,1399-08-11,1303510,1279880,1303510,1279902,4956633713
11/2/2020,1399-08-12,1267270,1262240,1267270,1264538,5216162788
11/4/2020,1399-08-14,1290500,1271520,1271520,1290507,5268439718
11/7/2020,1399-08-17,1277210,1262470,1277210,1262870,5541613371
11/8/2020,1399-08-18,1252300,1240480,1252300,1240513,1101596681
11/9/2020,1399-08-19,1225240,1214900,1225240,1215223,6620972135
11/10/2020,1399-08-20,1223260,1211900,1217980,1211936,8214236358
11/11/2020,1399-08-21,1221080,1210030,1214430,1221082,8554396238
11/14/2020,1399-08-24,1249510,1231050,1231050,1247591,4122853690
11/15/2020,1399-08-25,1268780,1257280,1261580,1257364,16100988695
11/16/2020,1399-08-26,1273740,1251400,1252820,1273747,8798789306
11/17/2020,1399-08-27,1309020,1283030,1283030,1296958,8663396085
11/18/2020,1399-08-28,1345400,1319950,1319950,1345295,6577194971
11/21/2020,1399-09-01,1374800,1366530,1370200,1366536,19667002049
11/22/2020,1399-09-02,1359480,1337630,1359480,1358848,17106964569
11/23/2020,1399-09-03,1384440,1369120,1369120,1375530,11225036316
11/24/2020,1399-09-04,1382200,1356940,1380840,1356944,21524946160
11/25/2020,1399-09-05,1367170,1344870,1348360,1367171,14463166857
11/28/2020,1399-09-08,1390800,1368560,1371420,1390803,17281599312
11/29/2020,1399-09-09,1427190,1405710,1405710,1427199,15814137118
11/30/2020,1399-09-10,1465970,1445700,1445700,1465934,14334810815
12/1/2020,1399-09-11,1474840,1457930,1460200,1473702,12756294341
12/2/2020,1399-09-12,1480720,1468900,1472200,1470968,13833002786
12/5/2020,1399-09-15,1490710,1463970,1464930,1490713,10665347293
12/6/2020,1399-09-16,1526570,1505190,1505190,1523106,12490671592
12/7/2020,1399-09-17,1531890,1512960,1523650,1512962,21808948958
12/8/2020,1399-09-18,1512580,1492770,1512580,1507363,13722271110
12/9/2020,1399-09-19,1515060,1502960,1511130,1506275,10798463436
12/12/2020,1399-09-22,1535250,1520510,1520510,1527453,14594084876
12/13/2020,1399-09-23,1520230,1509750,1520230,1515758,11644858133
12/14/2020,1399-09-24,1518210,1484100,1518210,1484159,6521500010
12/15/2020,1399-09-25,1459790,1428350,1459790,1428324,6521500010
12/16/2020,1399-09-26,1413450,1400370,1407130,1413430,12418576590
12/19/2020,1399-09-29,1444880,1429390,1429390,1444888,10053695004
12/20/2020,1399-09-30,1452890,1437350,1452580,1439055,9046000713
12/21/2020,1399-10-01,1444110,1428930,1434600,1436415,9016270370
12/22/2020,1399-10-02,1444880,1433590,1436100,1444889,10609432336
12/23/2020,1399-10-03,1454380,1447840,1453170,1447841,9479300241
12/26/2020,1399-10-06,1447700,1423500,1447700,1423507,8829685670
12/27/2020,1399-10-07,1420950,1407750,1419640,1419059,9963979528
12/28/2020,1399-10-08,1440730,1423010,1423010,1437142,8175616706
12/29/2020,1399-10-09,1438930,1411490,1438930,1411824,8230915060
12/30/2020,1399-10-10,1411540,1397840,1411540,1397848,7840080837
1/2/2021,1399-10-13,1389700,1354110,1389700,1354114,6065577245
1/3/2021,1399-10-14,1357900,1345820,1347700,1355475,8925080297
1/4/2021,1399-10-15,1375350,1361540,1361540,1374501,8791746228
1/5/2021,1399-10-16,1372480,1350210,1372480,1350211,8904611865
1/6/2021,1399-10-17,1342160,1310450,1342160,1310709,8503250697
1/9/2021,1399-10-20,1303850,1285940,1303460,1285948,10288013861
1/10/2021,1399-10-21,1310030,1295500,1295500,1306715,8674182628
1/11/2021,1399-10-22,1312750,1301240,1312750,1301245,9679612204
1/12/2021,1399-10-23,1295500,1260690,1295500,1260698,6828156829
1/13/2021,1399-10-24,1249380,1229870,1249380,1229890,10250216369
1/16/2021,1399-10-27,1223410,1186780,1223410,1186787,7772061093
1/18/2021,1399-10-29,1168400,1149720,1168400,1149722,3308414549
1/19/2021,1399-10-30,1150620,1129920,1136600,1150625,10365115501
1/20/2021,1399-11-01,1185110,1159090,1159090,1183948,5195508476
1/23/2021,1399-11-04,1222070,1198980,1198980,1222070,4737159684
1/24/2021,1399-11-05,1250930,1234590,1237010,1234597,15681567934
1/25/2021,1399-11-06,1236290,1221110,1229750,1235764,9116614034
1/26/2021,1399-11-07,1240100,1214830,1238780,1215034,7457374462
1/27/2021,1399-11-08,1207750,1195640,1206750,1207733,8643069142
1/30/2021,1399-11-11,1247170,1216670,1216670,1247177,5547352978
1/31/2021,1399-11-12,1268520,1250950,1264750,1250992,12335676777
2/1/2021,1399-11-13,1249530,1233550,1246540,1233614,8087403913
2/2/2021,1399-11-14,1226980,1204590,1226980,1205429,11158724947
2/3/2021,1399-11-15,1207530,1173050,1206050,1173050,8053844799
2/6/2021,1399-11-18,1164370,1135360,1164370,1135369,5822912944
2/7/2021,1399-11-19,1170490,1147970,1147970,1170497,5250429327
2/8/2021,1399-11-20,1195060,1185400,1185400,1192858,10959977448
2/9/2021,1399-11-21,1214370,1194040,1194040,1214371,7656883837
2/13/2021,1399-11-25,1262200,1239130,1239130,1262202,6812020606
2/14/2021,1399-11-26,1272400,1264330,1269480,1264338,11019032818
2/15/2021,1399-11-27,1260400,1257060,1260400,1257237,5874082757
2/16/2021,1399-11-28,1256530,1245800,1256530,1245844,3646486301
2/17/2021,1399-11-29,1246880,1238390,1246880,1238398,3465149156
2/20/2021,1399-12-02,1241480,1232750,1241480,1232762,3198918306
2/21/2021,1399-12-03,1229810,1222650,1229810,1222659,1146390922
2/22/2021,1399-12-04,1219750,1214500,1219750,1214500,1590353839
2/23/2021,1399-12-05,1211760,1208660,1211580,1211767,5860561500
2/24/2021,1399-12-06,1215880,1205720,1215700,1205798,3225759933
2/27/2021,1399-12-09,1201940,1193970,1201940,1193978,1833200267
2/28/2021,1399-12-10,1192170,1185400,1192170,1185599,1057407424
3/1/2021,1399-12-11,1183880,1181210,1181790,1181659,3331991170
3/2/2021,1399-12-12,1190730,1182520,1182520,1186334,4498664813
3/3/2021,1399-12-13,1186060,1177950,1186060,1177976,2713127545
3/6/2021,1399-12-16,1175540,1169740,1175540,1169761,1975399821
3/7/2021,1399-12-17,1175590,1168090,1168090,1175591,4423613736
3/8/2021,1399-12-18,1199940,1178190,1178190,1199945,6664175236
3/9/2021,1399-12-19,1215720,1203570,1203570,1210149,6038212391
3/10/2021,1399-12-20,1206780,1203990,1205170,1206782,2858107825
3/13/2021,1399-12-23,1229480,1205950,1206310,1229419,5811625371
3/14/2021,1399-12-24,1246060,1233740,1233740,1245140,7955737604
3/15/2021,1399-12-25,1254250,1241410,1242820,1254252,5728688212
3/16/2021,1399-12-26,1290520,1255480,1255480,1290519,6832208157
3/17/2021,1399-12-27,1309860,1305450,1305450,1307658,5267125203
3/27/2021,1400-01-07,1309790,1304330,1307510,1309573,6016487253
3/28/2021,1400-01-08,1311180,1304520,1310910,1306859,4237448991
3/30/2021,1400-01-10,1306080,1302850,1305230,1303089,3063023474
3/31/2021,1400-01-11,1303100,1294540,1302900,1294544,2420645005
4/3/2021,1400-01-14,1292110,1282870,1292110,1282874,1438577569
4/4/2021,1400-01-15,1280970,1269530,1280970,1269534,833646502
4/5/2021,1400-01-16,1266760,1261350,1266760,1262745,2745085592
4/6/2021,1400-01-17,1267130,1260800,1265420,1260800,2787025196
4/7/2021,1400-01-18,1258600,1249890,1258600,1249898,1068639226
4/10/2021,1400-01-21,1246740,1240750,1246740,1240759,588396551
4/11/2021,1400-01-22,1237340,1230920,1237340,1230927,1265213974
4/12/2021,1400-01-23,1228760,1225810,1228760,1226119,2409026367
4/13/2021,1400-01-24,1245540,1234640,1234640,1244587,5631017338
4/14/2021,1400-01-25,1245620,1243040,1245600,1243236,2980081548
4/17/2021,1400-01-28,1241280,1233720,1241280,1233724,885610263
4/18/2021,1400-01-29,1231020,1224770,1231020,1224778,629873549
4/19/2021,1400-01-30,1221330,1216160,1221330,1216836,2265944945
4/20/2021,1400-01-31,1220870,1217280,1218570,1219665,4424916507
4/21/2021,1400-02-01,1217270,1207060,1217270,1207063,2011429984
4/24/2021,1400-02-04,1205470,1199330,1205470,1199339,1490632244
4/25/2021,1400-02-05,1197080,1187810,1197080,1187820,1216771556
4/26/2021,1400-02-06,1187200,1184030,1187200,1186933,3058115485
4/27/2021,1400-02-07,1203460,1189820,1189820,1202638,4983855887
4/28/2021,1400-02-08,1210950,1204000,1204000,1207702,5437139508
5/1/2021,1400-02-11,1208560,1194300,1208560,1194304,3701769749
5/2/2021,1400-02-12,1191400,1180700,1191400,1180709,2041457656
5/3/2021,1400-02-13,1176770,1167070,1176770,1167073,1589299529
5/5/2021,1400-02-15,1172610,1167870,1167870,1172249,3573775657
5/8/2021,1400-02-18,1176190,1167490,1176190,1167498,1895501673
5/9/2021,1400-02-19,1164800,1151870,1164800,1151873,2041883508
5/10/2021,1400-02-20,1157640,1149380,1149820,1157642,4471852176
5/11/2021,1400-02-21,1179620,1161040,1161040,1179618,4495270628
5/12/2021,1400-02-22,1190210,1183960,1185340,1183980,3672387461
5/15/2021,1400-02-25,1192890,1181600,1182730,1189524,3040412416
5/16/2021,1400-02-26,1192340,1188800,1189690,1188806,4768075442
5/17/2021,1400-02-27,1188210,1174670,1188210,1174673,3951632686
5/18/2021,1400-02-28,1177060,1172190,1172370,1173536,3966650386
5/19/2021,1400-02-29,1172920,1154760,1172920,1154768,2837606733
5/22/2021,1400-03-01,1149260,1127250,1149260,1128164,3140846699
5/23/2021,1400-03-02,1123500,1107790,1123500,1107900,2736872962
5/24/2021,1400-03-03,1105220,1095720,1105220,1095726,3100360796
5/25/2021,1400-03-04,1105850,1095800,1095800,1105446,3828842175
5/26/2021,1400-03-05,1110560,1106280,1106380,1109370,3187572389
5/29/2021,1400-03-08,1139620,1111520,1111520,1139481,5193610223
5/30/2021,1400-03-09,1163570,1152570,1152570,1156892,6544526193
5/31/2021,1400-03-10,1155680,1145970,1155680,1145971,4231361800
6/1/2021,1400-03-11,1147490,1140490,1146610,1140498,3867028257
6/2/2021,1400-03-12,1148660,1141410,1141580,1148666,4348234319
6/7/2021,1400-03-17,1157240,1151220,1151220,1157229,4346687369
6/8/2021,1400-03-18,1166720,1159570,1159570,1160568,7223890859
6/9/2021,1400-03-19,1160360,1151840,1160360,1151842,5282897554
6/12/2021,1400-03-22,1152360,1144870,1151810,1144873,4392171425
6/13/2021,1400-03-23,1144590,1140550,1144590,1141290,4285498371
6/14/2021,1400-03-24,1150210,1142480,1142480,1150215,5291759110
6/15/2021,1400-03-25,1155210,1150150,1152790,1150159,6211631825
6/16/2021,1400-03-26,1149910,1147660,1149300,1147669,4460515642
6/19/2021,1400-03-29,1161980,1150970,1150970,1161985,4947610675
6/20/2021,1400-03-30,1169040,1163710,1168220,1163716,5702591827
6/21/2021,1400-03-31,1168590,1160910,1162360,1168593,6855160451
6/22/2021,1400-04-01,1186900,1173270,1173270,1186906,6922063457
6/23/2021,1400-04-02,1213020,1186960,1186960,1213023,8919103052
6/26/2021,1400-04-05,1236400,1219380,1219380,1233783,7294193269
6/27/2021,1400-04-06,1240630,1230470,1233930,1238486,7958311624
6/28/2021,1400-04-07,1243740,1236470,1240510,1243748,7726931471
6/29/2021,1400-04-08,1250970,1244400,1244400,1248540,6459143878
6/30/2021,1400-04-09,1256960,1248100,1249300,1256960,6152334613
7/3/2021,1400-04-12,1258900,1246050,1258600,1246055,6308319007
7/4/2021,1400-04-13,1244540,1237550,1242840,1243752,5329408022
7/5/2021,1400-04-14,1254610,1245320,1245320,1254612,5791965079
7/6/2021,1400-04-15,1281270,1261580,1261580,1281130,6464619858
7/7/2021,1400-04-16,1284730,1282010,1283530,1282019,5660855792
7/10/2021,1400-04-19,1281600,1270700,1281600,1270727,5276527515
7/11/2021,1400-04-20,1285280,1270570,1270570,1285283,6743793882
7/12/2021,1400-04-21,1307750,1288550,1288550,1304333,6664856269
7/13/2021,1400-04-22,1309310,1302440,1303420,1303921,6676900783
7/14/2021,1400-04-23,1305540,1300770,1303300,1305491,6362755008
7/17/2021,1400-04-26,1317930,1311220,1313360,1311220,7531264197
7/18/2021,1400-04-27,1310110,1300970,1310110,1302916,6782169555
7/19/2021,1400-04-28,1311270,1304670,1304670,1311278,4378318444
7/26/2021,1400-05-04,1323640,1313130,1313130,1323391,4015605714
7/27/2021,1400-05-05,1329370,1314920,1325050,1314954,4908506632
7/28/2021,1400-05-06,1320880,1315480,1315480,1316516,5442088670
7/31/2021,1400-05-09,1351460,1320120,1320120,1351468,6718253017
8/1/2021,1400-05-10,1361730,1358070,1358070,1360281,6201045110
8/2/2021,1400-05-11,1361240,1357730,1360330,1357969,5721659098
8/3/2021,1400-05-12,1375610,1358830,1358830,1375612,6422036871
8/4/2021,1400-05-13,1406060,1381500,1381500,1406058,7294600290
8/7/2021,1400-05-16,1417740,1407750,1415630,1407759,6959535853
8/8/2021,1400-05-17,1418850,1407330,1407950,1417863,5935066908
8/9/2021,1400-05-18,1433170,1420480,1420480,1433176,8109751537
8/10/2021,1400-05-19,1453790,1436980,1436980,1453797,8162552401
8/11/2021,1400-05-20,1484590,1463390,1463390,1484590,8981827908
8/14/2021,1400-05-23,1490390,1477570,1490390,1480830,11703148905
8/15/2021,1400-05-24,1500000,1480870,1481530,1500000,8861705823
8/22/2021,1400-05-31,1518690,1505880,1505880,1515483,11347478380
8/23/2021,1400-06-01,1517100,1508590,1517100,1515886,10269649249
8/24/2021,1400-06-02,1543470,1518780,1518780,1543476,9736770417
8/25/2021,1400-06-03,1550120,1540460,1547060,1550121,10579625098
8/28/2021,1400-06-06,1575760,1554870,1554870,1575764,10318601791
8/29/2021,1400-06-07,1585700,1572320,1581850,1573408,14455263193
8/30/2021,1400-06-08,1554580,1523990,1554580,1523997,11227830549
8/31/2021,1400-06-09,1501550,1477720,1501550,1496156,12832386075
9/1/2021,1400-06-10,1520680,1500080,1500080,1520688,8564129441
9/4/2021,1400-06-13,1545400,1527700,1527700,1541049,9349195923
9/5/2021,1400-06-14,1540130,1531560,1540130,1537271,8972644632
9/6/2021,1400-06-15,1545120,1538500,1539020,1538503,9585396306
9/7/2021,1400-06-16,1535800,1523080,1535800,1523087,8089466398
9/8/2021,1400-06-17,1526500,1523170,1523170,1526009,6283974927
9/11/2021,1400-06-20,1538620,1530510,1532090,1530515,6520924394
9/12/2021,1400-06-21,1528910,1489390,1528910,1489995,5880109268
9/13/2021,1400-06-22,1490140,1473360,1489550,1475274,6776223293
9/14/2021,1400-06-23,1497450,1476940,1476940,1496955,5839297472
9/15/2021,1400-06-24,1497370,1488290,1497370,1488292,5445886674
9/18/2021,1400-06-27,1489160,1450220,1489160,1450221,5810963290
9/19/2021,1400-06-28,1448450,1420480,1448450,1420484,6079196765
9/20/2021,1400-06-29,1429440,1422060,1422060,1427758,5098571373
9/21/2021,1400-06-30,1427870,1391210,1427870,1391220,5808778659
9/22/2021,1400-06-31,1393860,1379750,1392210,1386466,6443085429
9/25/2021,1400-07-03,1422100,1392030,1392030,1422105,5747555915
9/26/2021,1400-07-04,1429250,1424570,1425890,1424719,4652684048
9/28/2021,1400-07-06,1431900,1425340,1425340,1425441,4822181585
9/29/2021,1400-07-07,1437030,1425480,1425480,1437022,5000518771
10/2/2021,1400-07-10,1473480,1443220,1443220,1473480,5994461140
10/3/2021,1400-07-11,1481300,1474610,1476870,1476689,7055630221
10/4/2021,1400-07-12,1485150,1477100,1477310,1484663,4975824181
10/6/2021,1400-07-14,1489290,1487400,1487400,1488301,5140158940
10/9/2021,1400-07-17,1488760,1465980,1488760,1465983,5095216047
10/10/2021,1400-07-18,1464230,1453230,1464230,1455611,4185293066
10/11/2021,1400-07-19,1461130,1456500,1456500,1457480,3788688478
10/12/2021,1400-07-20,1454820,1418720,1454820,1418721,5118731445
10/13/2021,1400-07-21,1417770,1397260,1417770,1397446,4886080618
10/16/2021,1400-07-24,1437440,1406010,1406010,1437445,4392107216
10/17/2021,1400-07-25,1445100,1436050,1444280,1436062,4930419154
10/18/2021,1400-07-26,1436960,1430250,1435350,1436964,4798539230
10/19/2021,1400-07-27,1449650,1437810,1437810,1449472,4510391243
10/20/2021,1400-07-28,1449530,1436370,1449530,1436372,3710878361
10/23/2021,1400-08-01,1435570,1407660,1435570,1407751,4435812722
10/25/2021,1400-08-03,1405040,1384100,1405040,1384111,4511599216
10/26/2021,1400-08-04,1384910,1381620,1382190,1384470,4136016684
10/27/2021,1400-08-05,1393950,1384580,1384580,1393925,3751370164
10/30/2021,1400-08-08,1394770,1375720,1394770,1375720,4569374233
10/31/2021,1400-08-09,1375020,1340310,1375020,1340319,5262862323
11/1/2021,1400-08-10,1361400,1345870,1345870,1361403,3605362716
11/2/2021,1400-08-11,1376090,1362700,1362700,1376094,3557859988
11/3/2021,1400-08-12,1398440,1377730,1377730,1398441,4379613288
11/6/2021,1400-08-15,1440630,1402650,1402650,1440637,3432246848
11/7/2021,1400-08-16,1442950,1430950,1442440,1430960,10343729241
11/8/2021,1400-08-17,1435550,1426740,1429740,1434392,8279979789
11/9/2021,1400-08-18,1449260,1434770,1434770,1447656,7391292653
11/10/2021,1400-08-19,1456530,1449180,1450520,1456523,5140830227
11/13/2021,1400-08-22,1450400,1439170,1450400,1439178,4284024773
11/14/2021,1400-08-23,1446550,1440720,1440720,1442588,5007389134
11/15/2021,1400-08-24,1442230,1416330,1442230,1416340,4470305876
11/16/2021,1400-08-25,1414610,1408580,1414610,1408582,3417682862
11/17/2021,1400-08-26,1413640,1409600,1409600,1410778,3965728673
11/20/2021,1400-08-29,1411560,1383480,1411560,1383485,4180063900
11/21/2021,1400-08-30,1386970,1381660,1383020,1386973,4557787721
11/22/2021,1400-09-01,1407760,1390290,1390290,1407127,4692745831
11/23/2021,1400-09-02,1408720,1403670,1408720,1404612,3461638431
11/24/2021,1400-09-03,1404530,1394090,1404530,1394096,3957085453
11/27/2021,1400-09-06,1390440,1366660,1390440,1366664,3697869525
11/28/2021,1400-09-07,1369900,1367090,1367100,1368014,3179889290
11/29/2021,1400-09-08,1369970,1363820,1368020,1363840,2695389389
11/30/2021,1400-09-09,1363840,1357090,1363840,1357093,3258521386
12/1/2021,1400-09-10,1356780,1340110,1356780,1340121,3366264597
12/4/2021,1400-09-13,1342690,1333860,1341350,1334735,3223998062
12/5/2021,1400-09-14,1343250,1335870,1335870,1343253,2778352452
12/6/2021,1400-09-15,1345570,1342290,1343510,1342343,2755443049
12/7/2021,1400-09-16,1341580,1337510,1341580,1337988,2343601361
12/8/2021,1400-09-17,1349360,1338260,1338260,1349365,4037895607
12/11/2021,1400-09-20,1350440,1344440,1350120,1344448,4801350997
12/12/2021,1400-09-21,1342540,1320710,1342540,1320762,3811331709
12/13/2021,1400-09-22,1319960,1295520,1319960,1295527,4333878064
12/14/2021,1400-09-23,1293200,1288810,1293200,1291798,3951692553
12/15/2021,1400-09-24,1296370,1292090,1292090,1293213,3668912718
12/18/2021,1400-09-27,1305570,1295400,1295400,1305577,3997654564
12/19/2021,1400-09-28,1306180,1291660,1306180,1291666,3514779588
12/20/2021,1400-09-29,1301510,1292940,1292940,1301517,3795874634
12/21/2021,1400-09-30,1318460,1302570,1302570,1318467,3377664553
12/22/2021,1400-10-01,1359010,1321750,1321750,1359011,4385161936
12/25/2021,1400-10-04,1387120,1367290,1367290,1385528,5998858611
12/26/2021,1400-10-05,1384990,1379160,1384990,1384015,4587444486
12/27/2021,1400-10-06,1401250,1386050,1386050,1400290,5415616618
12/28/2021,1400-10-07,1399970,1397100,1399970,1399889,4498907423
12/29/2021,1400-10-08,1400980,1397350,1400140,1397358,5429556601
1/1/2022,1400-10-11,1396330,1378890,1396330,1378895,3940751710
1/2/2022,1400-10-12,1380640,1378600,1378600,1378984,2964382580
1/3/2022,1400-10-13,1380040,1376060,1379100,1376070,2981327219
1/4/2022,1400-10-14,1375900,1362790,1375900,1362795,3298636722
1/5/2022,1400-10-15,1363180,1362340,1362820,1363123,2724471905
1/8/2022,1400-10-18,1367520,1362340,1363230,1362439,5180052768
1/9/2022,1400-10-19,1362250,1336770,1362250,1336779,4201865742
1/10/2022,1400-10-20,1335890,1330160,1335890,1332642,4465580312
1/11/2022,1400-10-21,1338330,1333640,1333640,1334702,3973443239
1/12/2022,1400-10-22,1335410,1334280,1334730,1334284,3356052965
1/15/2022,1400-10-25,1334340,1322620,1334340,1322632,3774945135
1/16/2022,1400-10-26,1322280,1310820,1322280,1310877,3208295790
1/17/2022,1400-10-27,1314220,1306530,1311180,1306531,3746843575
1/18/2022,1400-10-28,1305650,1275930,1305650,1275936,4504674260
1/19/2022,1400-10-29,1279500,1274600,1275020,1279450,3436299699
1/22/2022,1400-11-02,1286700,1281800,1285390,1281803,3521012062
1/23/2022,1400-11-03,1280920,1256540,1280920,1256547,4622360998
1/24/2022,1400-11-04,1255450,1234680,1255450,1234689,3361522069
1/25/2022,1400-11-05,1233940,1207990,1233940,1207991,5442842578
1/26/2022,1400-11-06,1229420,1213820,1213820,1229423,4489233096
1/29/2022,1400-11-09,1258970,1233380,1233380,1258963,3360744518
1/30/2022,1400-11-10,1284570,1267830,1267830,1284578,4845764628
1/31/2022,1400-11-11,1294670,1285250,1285260,1294670,5534972786
2/1/2022,1400-11-12,1301430,1297220,1297220,1301298,6739483619
2/2/2022,1400-11-13,1301360,1299120,1301360,1301197,5564176410
2/5/2022,1400-11-16,1306380,1304100,1304100,1304437,4554466859
2/6/2022,1400-11-17,1303820,1281960,1303820,1282050,5468330997
2/7/2022,1400-11-18,1278700,1274390,1278700,1274488,4522006028
2/8/2022,1400-11-19,1281460,1275710,1275710,1281169,4433649689
2/9/2022,1400-11-20,1284120,1279280,1281340,1284120,4587036413
2/12/2022,1400-11-23,1285800,1284100,1285030,1284108,4879553227
2/13/2022,1400-11-24,1284190,1276020,1284190,1276044,3676757619
2/14/2022,1400-11-25,1283350,1277410,1277410,1283344,3240409303
2/16/2022,1400-11-27,1283720,1282470,1283540,1282475,2952216315
2/19/2022,1400-11-30,1283210,1281990,1282940,1282130,4405539846
2/20/2022,1400-12-01,1282600,1274290,1282460,1274401,3727731326
2/21/2022,1400-12-02,1282970,1275260,1275260,1281568,6044409551
2/22/2022,1400-12-03,1285140,1282760,1282760,1284826,4422020825
2/23/2022,1400-12-04,1288340,1285420,1285420,1288337,4058576221
2/26/2022,1400-12-07,1287720,1282790,1287720,1282797,4386324762
2/27/2022,1400-12-08,1282440,1278880,1282440,1279302,2870301032
2/28/2022,1400-12-09,1281870,1279670,1279670,1281847,3114364383
3/2/2022,1400-12-11,1284660,1280900,1283490,1281153,5504532545
3/5/2022,1400-12-14,1298810,1286890,1286890,1298819,8431989253
3/6/2022,1400-12-15,1322610,1303940,1303940,1322616,7988835321
3/7/2022,1400-12-16,1344950,1328360,1328360,1342924,7952598827
3/8/2022,1400-12-17,1341830,1336640,1341830,1336642,5505115862
3/9/2022,1400-12-18,1348340,1338400,1338400,1348349,6351207917
3/12/2022,1400-12-21,1340770,1332940,1340770,1332949,7539533037
3/13/2022,1400-12-22,1335760,1331760,1332270,1335312,4474518130
3/14/2022,1400-12-23,1336760,1334780,1335620,1334781,3542225724
3/15/2022,1400-12-24,1337910,1334420,1334500,1337269,4977068562
3/16/2022,1400-12-25,1345030,1339240,1339240,1345031,4191591985
3/19/2022,1400-12-28,1367240,1347800,1347800,1367247,5431365028
3/26/2022,1401-01-06,1390770,1374190,1374190,1390778,8730585991
3/27/2022,1401-01-07,1403590,1391710,1391710,1403591,7640979813
3/28/2022,1401-01-08,1418610,1404460,1404460,1418611,9948573423
3/29/2022,1401-01-09,1422940,1414230,1422940,1414232,12356809626
3/30/2022,1401-01-10,1432170,1411940,1413500,1432138,7400595096
4/3/2022,1401-01-14,1461960,1434650,1434650,1461963,9496208580
4/4/2022,1401-01-15,1476900,1468870,1468890,1468872,13936566360
4/5/2022,1401-01-16,1471450,1465200,1467850,1471457,9625565759
4/6/2022,1401-01-17,1473520,1463740,1472840,1463743,11165395785
4/9/2022,1401-01-20,1460550,1451760,1460550,1458684,8423628503
4/10/2022,1401-01-21,1474240,1461710,1461710,1474100,11270947735
4/11/2022,1401-01-22,1479890,1475300,1475490,1479591,10070884564
4/12/2022,1401-01-23,1474000,1445960,1474000,1445970,9289109331
4/13/2022,1401-01-24,1454120,1443170,1443170,1454127,8473206930
4/16/2022,1401-01-27,1467660,1457810,1457810,1467669,7494763045
4/17/2022,1401-01-28,1475050,1465590,1468090,1475054,8645131543
4/18/2022,1401-01-29,1503470,1478780,1478780,1501713,10668521985
4/19/2022,1401-01-30,1513060,1499890,1500930,1513067,8464317027
4/20/2022,1401-01-31,1515730,1511160,1515120,1512287,8789038421
4/24/2022,1401-02-04,1513370,1504710,1513370,1504718,7048267553
4/25/2022,1401-02-05,1507310,1502270,1504680,1507311,7873067221
4/26/2022,1401-02-06,1522920,1508830,1508830,1522781,10785886694
4/27/2022,1401-02-07,1526480,1521390,1524440,1521392,10177680160
4/30/2022,1401-02-10,1523860,1521470,1521760,1522484,7980899328
5/1/2022,1401-02-11,1525770,1522390,1522900,1523422,8536165651
5/2/2022,1401-02-12,1529780,1523100,1523890,1529709,7386800132
5/7/2022,1401-02-17,1543790,1535860,1535860,1543797,9487608829
5/8/2022,1401-02-18,1552990,1547240,1547240,1552998,10278017846
5/9/2022,1401-02-19,1553820,1540130,1553820,1540137,9677311994
5/10/2022,1401-02-20,1539530,1535000,1539260,1539531,7252299560
5/11/2022,1401-02-21,1564440,1543510,1543510,1564449,8818936682
5/14/2022,1401-02-24,1578440,1569470,1569470,1578411,11231749286
5/15/2022,1401-02-25,1579990,1569950,1579760,1572980,10885932814
5/16/2022,1401-02-26,1583800,1575270,1575270,1583800,10148885600
5/17/2022,1401-02-27,1607220,1588770,1588770,1606024,10239274235
5/18/2022,1401-02-28,1605300,1594970,1605300,1594978,8283025474
5/21/2022,1401-02-31,1591530,1579690,1591530,1579691,8136842521
5/22/2022,1401-03-01,1582320,1579740,1579740,1582144,6746482935
5/23/2022,1401-03-02,1582500,1557200,1582500,1557211,10543927322
5/24/2022,1401-03-03,1556930,1555660,1556930,1555689,6541335303
5/25/2022,1401-03-04,1564480,1557800,1557800,1564488,6900376730
5/28/2022,1401-03-07,1568120,1553370,1566820,1553402,7698783533
5/29/2022,1401-03-08,1552010,1532910,1552010,1534057,7474722370
5/30/2022,1401-03-09,1538230,1535400,1535400,1537380,5769524542
5/31/2022,1401-03-10,1542990,1537420,1537420,1542711,4998904433
6/1/2022,1401-03-11,1543680,1540170,1542830,1541980,5070499301
6/6/2022,1401-03-16,1541460,1514300,1541460,1514310,6989831853
6/7/2022,1401-03-17,1516000,1512920,1513320,1515388,4619073333
6/8/2022,1401-03-18,1520300,1515760,1515760,1520299,3876978524
6/11/2022,1401-03-21,1520690,1518020,1520690,1518290,4466025685
6/12/2022,1401-03-22,1532380,1517330,1518170,1532387,5277717960
6/13/2022,1401-03-23,1571440,1536850,1536850,1571447,6775533639
6/14/2022,1401-03-24,1574720,1572860,1572860,1574065,6416270653
6/15/2022,1401-03-25,1573720,1564040,1573720,1564334,4076206328
6/18/2022,1401-03-28,1563570,1547700,1563220,1547738,5318032512
6/19/2022,1401-03-29,1548540,1545960,1546610,1545963,5438961872
6/20/2022,1401-03-30,1550110,1546860,1546860,1547247,5062568220
6/21/2022,1401-03-31,1547320,1539620,1547320,1539632,3896452801
6/22/2022,1401-04-01,1539600,1533390,1539570,1533395,4648684516
6/25/2022,1401-04-04,1532580,1520330,1532570,1520335,5985742743
6/26/2022,1401-04-05,1520440,1501340,1520440,1501340,5287693332
6/27/2022,1401-04-06,1504080,1500900,1501130,1504065,4802010386
6/28/2022,1401-04-07,1514800,1505160,1505160,1514434,4392836645
6/29/2022,1401-04-08,1513720,1512410,1513560,1513716,4550450312
7/2/2022,1401-04-11,1512500,1501630,1512500,1501632,4825953209
7/3/2022,1401-04-12,1502980,1500210,1501610,1502986,3772114672
7/4/2022,1401-04-13,1507450,1503640,1503640,1507157,3925103558
7/5/2022,1401-04-14,1511070,1507200,1507310,1511076,4475750321
7/6/2022,1401-04-15,1510270,1502590,1510270,1502604,4201528023
7/9/2022,1401-04-18,1504130,1498500,1504130,1498513,3907349262
7/11/2022,1401-04-20,1499050,1487590,1499050,1487598,4809381296
7/12/2022,1401-04-21,1486950,1480250,1486950,1483535,4238822856
7/13/2022,1401-04-22,1490550,1487450,1487450,1490052,3713030356
7/16/2022,1401-04-25,1490150,1480040,1490150,1480051,4176484117
7/17/2022,1401-04-26,1480280,1468430,1480280,1469832,3451380723
7/19/2022,1401-04-28,1470710,1468650,1469790,1468893,2413418868
7/20/2022,1401-04-29,1471890,1468970,1468970,1471898,2030870621
7/23/2022,1401-05-01,1477390,1473490,1474080,1473499,3549576731
7/24/2022,1401-05-02,1473950,1463760,1473950,1463764,3653476952
7/25/2022,1401-05-03,1462860,1439260,1462860,1439417,3973888902
7/26/2022,1401-05-04,1441460,1438180,1439500,1438448,3456940908
7/27/2022,1401-05-05,1444240,1438740,1438740,1443713,2840138232
7/30/2022,1401-05-08,1449040,1440870,1444410,1440870,3190866612
7/31/2022,1401-05-09,1440510,1423100,1440510,1423497,4329691304
8/1/2022,1401-05-10,1427650,1424030,1424030,1427606,2652564405
8/2/2022,1401-05-11,1430020,1427770,1427770,1430021,2848514896
8/3/2022,1401-05-12,1437360,1430510,1430510,1437361,3680889624
8/6/2022,1401-05-15,1448920,1438860,1438860,1448923,4157196019
8/9/2022,1401-05-18,1452980,1448400,1449260,1451942,4906223988
8/10/2022,1401-05-19,1452900,1448460,1452320,1448464,3550910390
8/13/2022,1401-05-22,1467100,1451150,1451150,1467101,5239433036
8/14/2022,1401-05-23,1470230,1463650,1470230,1463654,6176494488
8/15/2022,1401-05-24,1464020,1461490,1463770,1463698,6474478937
8/16/2022,1401-05-25,1467230,1459500,1467070,1459501,7636021437
8/17/2022,1401-05-26,1460750,1451390,1460750,1451399,7264924670
8/20/2022,1401-05-29,1449960,1438810,1449960,1438819,5343986018
8/21/2022,1401-05-30,1439380,1429890,1438890,1429907,4313991576
8/22/2022,1401-05-31,1431420,1424480,1430170,1424497,5077543005
8/23/2022,1401-06-01,1431470,1424950,1424950,1431474,4845940936
8/24/2022,1401-06-02,1442400,1431670,1431670,1442373,5447693536
8/27/2022,1401-06-05,1451110,1443410,1443410,1450045,5398056604
8/28/2022,1401-06-06,1449530,1444080,1449530,1444087,5253074301
8/29/2022,1401-06-07,1446490,1444320,1444320,1445139,3917656157
8/30/2022,1401-06-08,1445770,1441210,1445610,1441217,3800683045
8/31/2022,1401-06-09,1441350,1439370,1441350,1439376,3441115707
9/3/2022,1401-06-12,1438770,1426930,1438770,1426941,4127301895
9/4/2022,1401-06-13,1427540,1426900,1427110,1426908,2885700678
9/5/2022,1401-06-14,1428860,1426770,1427560,1426780,3195781111
9/6/2022,1401-06-15,1426970,1420830,1426970,1420834,3121696533
9/7/2022,1401-06-16,1421130,1412850,1421100,1412859,3271956262
9/10/2022,1401-06-19,1412410,1397430,1412410,1397434,3692365098
9/11/2022,1401-06-20,1397410,1390730,1397410,1390732,3309090789
9/12/2022,1401-06-21,1392530,1388920,1390940,1388970,3332190140
9/13/2022,1401-06-22,1393400,1389220,1389220,1393127,3724978547
9/14/2022,1401-06-23,1394120,1389070,1393690,1389080,3142825594
9/18/2022,1401-06-27,1389010,1377910,1389010,1377918,3137217995
9/19/2022,1401-06-28,1377880,1373820,1377880,1373821,2932375350
9/20/2022,1401-06-29,1373940,1367060,1373940,1367060,2870983028
9/21/2022,1401-06-30,1366380,1355220,1366380,1355241,3064290056
9/24/2022,1401-07-02,1354480,1328180,1354480,1328187,4240935895
9/26/2022,1401-07-04,1334440,1327940,1327940,1334448,3109279792
9/28/2022,1401-07-06,1346770,1335020,1335020,1346564,3430874071
10/1/2022,1401-07-09,1346240,1330870,1346240,1330879,4388547209
10/2/2022,1401-07-10,1330480,1322020,1330480,1322026,3466361632
10/3/2022,1401-07-11,1322590,1318710,1322200,1318714,2898387484
10/4/2022,1401-07-12,1318820,1313800,1318820,1313853,2480022229
10/8/2022,1401-07-16,1318280,1314650,1314650,1316721,2963611984
10/9/2022,1401-07-17,1315900,1305070,1315900,1305083,3760512199
10/10/2022,1401-07-18,1305760,1302730,1305360,1303920,3030432152
10/11/2022,1401-07-19,1313580,1304500,1304500,1313578,3196965229
10/12/2022,1401-07-20,1319780,1313960,1313960,1319790,2842450241
10/15/2022,1401-07-23,1319980,1317890,1319830,1317894,2743719853
10/16/2022,1401-07-24,1317870,1311280,1317870,1311282,3207076004
10/17/2022,1401-07-25,1311260,1310590,1311240,1311099,2815070501
10/18/2022,1401-07-26,1313870,1311480,1311480,1312563,2488357450
10/19/2022,1401-07-27,1312490,1310160,1312480,1310166,2030745102
10/22/2022,1401-07-30,1311950,1308940,1311140,1308960,2397700525
10/23/2022,1401-08-01,1309410,1296790,1309410,1296798,3069738522
10/24/2022,1401-08-02,1295740,1277730,1295740,1277737,3472720212
10/25/2022,1401-08-03,1277690,1267050,1277440,1267061,3278342203
10/26/2022,1401-08-04,1266700,1241030,1266700,1241044,4712224520
10/29/2022,1401-08-07,1247070,1243480,1243480,1244627,4401161572
10/30/2022,1401-08-08,1254460,1245160,1245160,1254465,3568132950
10/31/2022,1401-08-09,1269830,1255020,1255020,1269833,3845518105
11/1/2022,1401-08-10,1280460,1270990,1270990,1280456,3809854928
11/2/2022,1401-08-11,1283540,1279310,1280550,1283541,3508984882
11/5/2022,1401-08-14,1328320,1285820,1285820,1328324,6342982065
11/6/2022,1401-08-15,1344670,1332340,1332340,1344676,5752446089
11/7/2022,1401-08-16,1389750,1347170,1347170,1389753,7914594060
11/8/2022,1401-08-17,1413250,1400470,1400470,1407734,11288502166
11/9/2022,1401-08-18,1414340,1402660,1406710,1414348,8349630989
11/12/2022,1401-08-21,1426920,1417180,1417180,1426096,6303846352
11/13/2022,1401-08-22,1425510,1419120,1425510,1419140,5889104181
11/14/2022,1401-08-23,1419020,1408100,1419020,1408174,5068396946
11/15/2022,1401-08-24,1411070,1408500,1408500,1410460,4049050227
11/16/2022,1401-08-25,1413590,1409680,1410530,1413574,4106520700
11/19/2022,1401-08-28,1411960,1393060,1411960,1393064,5308220696
11/20/2022,1401-08-29,1404640,1396160,1396160,1404627,5729570568
11/21/2022,1401-08-30,1409280,1406340,1406340,1408598,6907390911
11/22/2022,1401-09-01,1408220,1406690,1408220,1407654,5825842203
11/23/2022,1401-09-02,1411240,1408300,1408300,1410188,5155785427
11/26/2022,1401-09-05,1412180,1408200,1411030,1408209,5213994431
11/27/2022,1401-09-06,1408070,1405730,1408070,1406190,5023683573
11/28/2022,1401-09-07,1408340,1406900,1406900,1408348,4910959865
11/29/2022,1401-09-08,1414200,1408340,1408340,1414205,4917791296
11/30/2022,1401-09-09,1418470,1415100,1415100,1417372,3888551923
12/3/2022,1401-09-12,1419190,1417120,1417560,1417720,0
12/4/2022,1401-09-13,1419720,1417830,1418280,1417840,5357446033
12/5/2022,1401-09-14,1418560,1413600,1418200,1413605,4511480985
12/6/2022,1401-09-15,1413620,1409400,1413620,1409404,4960379527
12/7/2022,1401-09-16,1410860,1402820,1410860,1402830,7208061842
12/10/2022,1401-09-19,1402200,1383730,1402200,1383738,6152820063
12/11/2022,1401-09-20,1389360,1383740,1383740,1389362,5763284724
12/12/2022,1401-09-21,1409370,1389860,1389860,1409355,7419930511
12/13/2022,1401-09-22,1454480,1412120,1412120,1454482,8943466037
12/14/2022,1401-09-23,1474250,1462130,1462130,1472760,6401465487
12/17/2022,1401-09-26,1472250,1468910,1472250,1469933,5832408297
12/18/2022,1401-09-27,1500240,1472740,1472740,1500242,8079761479
12/19/2022,1401-09-28,1505280,1499680,1501030,1500909,9426158789
12/20/2022,1401-09-29,1501040,1492090,1501040,1492095,6776675269
12/21/2022,1401-09-30,1496370,1492600,1492600,1496201,6185140338
12/24/2022,1401-10-03,1538000,1500750,1500750,1538003,10103385881
12/25/2022,1401-10-04,1563560,1547140,1547140,1563567,10776995540
12/26/2022,1401-10-05,1576410,1563160,1566820,1576397,9446689906
12/28/2022,1401-10-07,1647310,1588820,1588820,1647314,15175183890
12/31/2022,1401-10-10,1619840,1590490,1619840,1590496,13499382402
1/1/2023,1401-10-11,1591830,1564080,1588760,1564366,10681553690
1/2/2023,1401-10-12,1593350,1569250,1569250,1593285,9614056360
1/3/2023,1401-10-13,1602700,1591350,1597310,1591354,14545269147
1/4/2023,1401-10-14,1589030,1578840,1589030,1579115,9460687460
1/7/2023,1401-10-17,1598060,1584390,1584390,1598061,13160395820
1/8/2023,1401-10-18,1635900,1609560,1609560,1635229,15530820650
1/9/2023,1401-10-19,1646900,1636120,1638720,1646906,16634422183
1/10/2023,1401-10-20,1674900,1659170,1659170,1668187,14353961655
1/11/2023,1401-10-21,1664920,1652080,1664920,1652087,13601418544
1/14/2023,1401-10-24,1643720,1631470,1643480,1643714,9365583644
1/15/2023,1401-10-25,1643710,1643710,0,1643714,0
1/16/2023,1401-10-26,1680680,1649660,1649660,1680675,12333059025
1/17/2023,1401-10-27,1693050,1686780,1686780,1687048,13657308030
1/18/2023,1401-10-28,1689140,1682980,1686240,1689144,12179698825
1/21/2023,1401-11-01,1688810,1657570,1688810,1657574,13453780518
1/22/2023,1401-11-02,1662840,1649050,1658290,1652924,10577410838
1/23/2023,1401-11-03,1667860,1653940,1658200,1653949,12575322806
1/24/2023,1401-11-04,1654390,1646050,1654390,1646054,7529763243
1/25/2023,1401-11-05,1646560,1611950,1646560,1611956,11492930174
1/28/2023,1401-11-08,1612660,1600080,1612310,1600082,9403364082
1/29/2023,1401-11-09,1597520,1542180,1597520,1542191,11035874312
1/30/2023,1401-11-10,1544400,1531440,1541850,1539680,8976236231
1/31/2023,1401-11-11,1557720,1541700,1541700,1556552,7917291432
2/1/2023,1401-11-12,1557540,1555680,1557530,1557244,6038652490
2/5/2023,1401-11-16,1556970,1540180,1556970,1540189,7500863445
2/6/2023,1401-11-17,1538830,1535100,1538830,1537859,6348458364
2/7/2023,1401-11-18,1556510,1539690,1539690,1556516,5826571862
2/8/2023,1401-11-19,1561350,1558080,1558280,1558082,5026161405
2/12/2023,1401-11-23,1557860,1545970,1557860,1545978,3851024133
2/13/2023,1401-11-24,1551840,1546530,1546530,1548278,4328248989
2/14/2023,1401-11-25,1548150,1537960,1548130,1537962,4062888178
2/15/2023,1401-11-26,1537670,1524790,1537670,1524795,3892525812
2/19/2023,1401-11-30,1533400,1525400,1525400,1533367,5063012844
2/20/2023,1401-12-01,1594260,1548500,1548500,1594263,8483886731
2/21/2023,1401-12-02,1661680,1624950,1624950,1659416,14426473735
2/22/2023,1401-12-03,1663170,1653510,1660060,1656593,10544745520
2/25/2023,1401-12-06,1738780,1695190,1695190,1738782,13556526072
2/26/2023,1401-12-07,1813520,1792300,1792300,1804300,22620469834
2/27/2023,1401-12-08,1818040,1792560,1798090,1809074,17713066324
2/28/2023,1401-12-09,1838160,1809880,1813990,1838119,12258402296
3/1/2023,1401-12-10,1835050,1821760,1835050,1821771,13415674157
3/4/2023,1401-12-13,1812090,1788200,1812090,1788210,9247863228
3/5/2023,1401-12-14,1799130,1790680,1790680,1795955,8490664709
3/6/2023,1401-12-15,1793070,1781020,1793070,1785670,8312693716
3/7/2023,1401-12-16,1817610,1787420,1787420,1817612,11529655452
3/11/2023,1401-12-20,1828290,1816730,1824100,1816740,11632442293
3/12/2023,1401-12-21,1810460,1783160,1810460,1783197,7661040863
3/13/2023,1401-12-22,1789170,1781620,1783610,1781632,7154751749
3/14/2023,1401-12-23,1784010,1781890,1781890,1782988,7024872831
3/15/2023,1401-12-24,1820990,1784520,1784520,1820988,10083167057
3/18/2023,1401-12-27,1906540,1830680,1830680,1905745,13169726957
3/19/2023,1401-12-28,1960460,1922240,1922240,1960457,12695663389
3/25/2023,1402-01-05,1998320,1969260,1969260,1998283,10907074155
3/26/2023,1402-01-06,2033930,2002460,2002460,2018760,13068425233
3/27/2023,1402-01-07,2029190,2010280,2016940,2029198,11111581108
3/28/2023,1402-01-08,2046900,2035460,2035460,2044408,12991497357
3/29/2023,1402-01-09,2078710,2048370,2048370,2078712,14082242366
4/3/2023,1402-01-14,2089950,2055770,2064400,2089951,15154252530
4/4/2023,1402-01-15,2134410,2100180,2100180,2119106,16001184050
4/5/2023,1402-01-16,2137460,2110770,2114070,2137465,14482016677
4/8/2023,1402-01-19,2204000,2141310,2141310,2202386,19124811173
4/9/2023,1402-01-20,2214490,2203790,2203790,2212643,18009276301
4/10/2023,1402-01-21,2229580,2190300,2220090,2190307,20559689013
4/11/2023,1402-01-22,2184470,2172960,2184470,2179922,14205955021
4/15/2023,1402-01-26,2253940,2198740,2198740,2253946,16860140773
4/16/2023,1402-01-27,2276350,2262510,2265900,2275067,19908121821
4/17/2023,1402-01-28,2289640,2269280,2274130,2289287,17965651571
4/18/2023,1402-01-29,2331480,2295830,2295830,2325437,21124438100
4/19/2023,1402-01-30,2329680,2319350,2326510,2324133,16622580129
4/24/2023,1402-02-04,2326490,2315030,2325510,2326494,13635418572
4/25/2023,1402-02-05,2378220,2335770,2335770,2368829,16914689462
4/26/2023,1402-02-06,2367950,2352200,2365810,2365287,17971185558
4/29/2023,1402-02-09,2438550,2394010,2394010,2438553,23130913276
4/30/2023,1402-02-10,2479440,2462040,2462040,2479340,19629864000
5/1/2023,1402-02-11,2488830,2471200,2488470,2480640,20087031919
5/2/2023,1402-02-12,2518330,2486940,2486940,2518332,19384690781
5/3/2023,1402-02-13,2526340,2514670,2525370,2514673,24039153619
5/6/2023,1402-02-16,2535230,2527540,2527540,2535236,24321643548
5/7/2023,1402-02-17,2548220,2440160,2548220,2440168,21689300180
5/8/2023,1402-02-18,2383450,2314400,2383450,2314408,11678938696
5/9/2023,1402-02-19,2305840,2260940,2266890,2305838,23649508737
5/10/2023,1402-02-20,2334350,2277710,2318530,2277713,17689865334
5/13/2023,1402-02-23,2268270,2211920,2268270,2214024,16539467699
5/14/2023,1402-02-24,2285900,2229440,2229440,2285904,16408472144
5/15/2023,1402-02-25,2301840,2290620,2298770,2301380,13595652757
5/17/2023,1402-02-27,2321340,2302090,2302090,2321336,11376649605
5/20/2023,1402-02-30,2328860,2297980,2327920,2297986,12428831702
5/21/2023,1402-02-31,2302760,2290740,2296520,2302706,9716889386
5/22/2023,1402-03-01,2319880,2308720,2308720,2318506,12546559013
5/23/2023,1402-03-02,2337110,2321980,2321980,2330799,11152932188
5/24/2023,1402-03-03,2352200,2345960,2348570,2345968,11003591747
5/27/2023,1402-03-06,2342460,2311220,2342460,2311222,10025347471
5/28/2023,1402-03-07,2308400,2255260,2308400,2257013,11516872891
5/29/2023,1402-03-08,2275470,2260400,2260400,2275395,8576041712
5/30/2023,1402-03-09,2289920,2278450,2278450,2288427,8574187566
5/31/2023,1402-03-10,2288550,2268880,2288550,2271042,7783879726
6/3/2023,1402-03-13,2279680,2270560,2271220,2279683,5997307952
6/6/2023,1402-03-16,2289540,2281860,2281860,2289549,7949702134
6/7/2023,1402-03-17,2291930,2288430,2290660,2288439,7839293362
6/10/2023,1402-03-20,2276750,2215050,2276750,2215058,7855900699
6/11/2023,1402-03-21,2213920,2208200,2212970,2208212,7235015237
6/12/2023,1402-03-22,2209040,2145400,2209040,2145416,9753911802
6/13/2023,1402-03-23,2155190,2145500,2145500,2155198,6685836893
6/14/2023,1402-03-24,2183800,2158890,2158890,2182107,7075034668
6/17/2023,1402-03-27,2189700,2182800,2185130,2182804,6727303147
6/18/2023,1402-03-28,2181820,2162710,2181820,2162917,7459075366
6/19/2023,1402-03-29,2168390,2162310,2162310,2164226,7705141387
6/20/2023,1402-03-30,2166940,2161110,2164170,2166947,4905142581
6/21/2023,1402-03-31,2177070,2168560,2168560,2173893,5194159667
6/24/2023,1402-04-03,2174000,2162570,2174000,2162616,6449474247
6/25/2023,1402-04-04,2190390,2169530,2169530,2189602,7456232165
6/26/2023,1402-04-05,2196700,2188210,2188380,2196128,6514672163
6/27/2023,1402-04-06,2195500,2168190,2195500,2168200,6320056850
6/28/2023,1402-04-07,2162460,2152380,2162460,2153411,5541888446
7/1/2023,1402-04-10,2153670,2143910,2152930,2143915,5033870646
7/2/2023,1402-04-11,2157730,2144380,2144380,2157377,5788832953
7/3/2023,1402-04-12,2183420,2158990,2158990,2183406,6609188812
7/4/2023,1402-04-13,2203910,2185360,2185360,2202092,6962081467
7/5/2023,1402-04-14,2205690,2202220,2202300,2202657,6117597542
7/8/2023,1402-04-17,2204320,2195130,2203470,2195133,5066894352
7/9/2023,1402-04-18,2194010,2176350,2194010,2176359,5893451415
7/10/2023,1402-04-19,2175480,2158520,2175480,2158534,5809692178
7/11/2023,1402-04-20,2158180,2128370,2158180,2128378,8521250936
7/12/2023,1402-04-21,2126100,2071400,2126100,2071404,8130618292
7/15/2023,1402-04-24,2081630,2070880,2072490,2070890,4685610938
7/16/2023,1402-04-25,2070230,2021260,2070230,2021298,5876636114
7/17/2023,1402-04-26,2018370,1955600,2018370,1956634,7784195614
7/18/2023,1402-04-27,1999760,1959190,1959190,1999759,7485396276
7/19/2023,1402-04-28,2027390,2002690,2002690,2016386,5911763876
7/22/2023,1402-04-31,2012770,1983100,2012770,1983134,4603744008
7/23/2023,1402-05-01,1983190,1976940,1981470,1976945,3638934500
7/24/2023,1402-05-02,1998450,1979910,1979910,1998459,4020002843
7/25/2023,1402-05-03,2010900,2000510,2000510,2001897,4877153274
7/26/2023,1402-05-04,2001680,1997250,2001680,2000525,4227588892
7/29/2023,1402-05-07,2002840,1996750,2000460,1996756,4087515263
7/30/2023,1402-05-08,1995620,1967660,1995620,1967668,6759262471
7/31/2023,1402-05-09,1973910,1968600,1968600,1973910,4699158214
8/1/2023,1402-05-10,1993670,1974590,1974590,1993659,4302476203
8/5/2023,1402-05-14,2033040,1996920,1996920,2033048,6028840078
8/6/2023,1402-05-15,2040040,2032920,2034180,2040012,4890816163
8/7/2023,1402-05-16,2052420,2042310,2042310,2051073,6936466699
8/8/2023,1402-05-17,2050420,2037860,2050420,2037869,4763081242
8/9/2023,1402-05-18,2042440,2036330,2039860,2036986,3960351687
8/12/2023,1402-05-21,2034620,1989630,2034620,1989640,5295548284
8/13/2023,1402-05-22,1988110,1983570,1988110,1987918,4784195666
8/14/2023,1402-05-23,1999680,1989640,1989640,1997030,3885093878
8/15/2023,1402-05-24,1996570,1978160,1996570,1978183,4669021344
8/16/2023,1402-05-25,1978940,1973590,1978750,1973597,3285775109
8/19/2023,1402-05-28,1973790,1957510,1973790,1957515,4034785932
8/20/2023,1402-05-29,1957480,1953450,1957480,1954030,3929515252
8/21/2023,1402-05-30,1958680,1954410,1954410,1956441,3407248806
8/22/2023,1402-05-31,1956200,1938220,1956200,1938248,4021779851
8/23/2023,1402-06-01,1946630,1937950,1937970,1946594,3634396441
8/26/2023,1402-06-04,1993110,1950320,1950320,1993097,5519619759
8/27/2023,1402-06-05,2051480,1996610,1996610,2051472,9554596314
8/28/2023,1402-06-06,2084840,2055150,2055150,2084168,8014092729
8/29/2023,1402-06-07,2101020,2088670,2088670,2095049,6695774108
8/30/2023,1402-06-08,2105030,2097120,2097120,2104684,7936454383
9/2/2023,1402-06-11,2110130,2103530,2106280,2105644,6351686855
9/3/2023,1402-06-12,2112110,2104760,2105510,2111649,4961866416
9/4/2023,1402-06-13,2136150,2111980,2111980,2136144,6622806537
9/5/2023,1402-06-14,2155370,2140040,2140040,2150975,6783298076
9/9/2023,1402-06-18,2150500,2129600,2150500,2129609,5675142297
9/10/2023,1402-06-19,2127810,2123030,2127810,2123629,4213931073
9/11/2023,1402-06-20,2124250,2122590,2123910,2122617,4042153489
9/12/2023,1402-06-21,2129360,2122890,2122890,2127080,4186998520
9/13/2023,1402-06-22,2130510,2126690,2127990,2126742,4134697520
9/17/2023,1402-06-26,2135990,2127350,2127350,2135784,5173246212
9/18/2023,1402-06-27,2136690,2133470,2136100,2133485,4928596342
9/19/2023,1402-06-28,2133480,2128450,2133480,2128489,4022835079
9/20/2023,1402-06-29,2128330,2121130,2128330,2121213,3840478269
9/23/2023,1402-07-01,2122080,2118340,2121730,2118347,3618702969
9/25/2023,1402-07-03,2118330,2101010,2118310,2101037,5401232504
9/26/2023,1402-07-04,2101150,2097710,2101090,2097727,3757203222
9/27/2023,1402-07-05,2099450,2097740,2098000,2097977,4326710424
9/30/2023,1402-07-08,2098960,2084530,2098790,2084535,4906028068
10/1/2023,1402-07-09,2084260,2067150,2084260,2067164,5703782258
10/2/2023,1402-07-10,2067830,2066690,2067580,2067538,4221168574
10/4/2023,1402-07-12,2070900,2068050,2068050,2069749,3616074433
10/7/2023,1402-07-15,2069700,2052860,2069700,2052864,4330004666
10/8/2023,1402-07-16,2049920,2001250,2049920,2001267,7057402028
10/9/2023,1402-07-17,2010190,2000420,2000420,2005595,4669082409
10/10/2023,1402-07-18,2014060,2006230,2006230,2014067,3389907995
10/11/2023,1402-07-19,2020460,2014870,2014870,2019713,3318383709
10/14/2023,1402-07-22,2019410,2001420,2019410,2001463,4471763189
10/15/2023,1402-07-23,2002900,2001250,2001310,2001943,3695325391
10/16/2023,1402-07-24,2018190,2002450,2002450,2018166,4054702910
10/17/2023,1402-07-25,2031240,2022150,2022150,2031245,4103661201
10/18/2023,1402-07-26,2029680,2023520,2029680,2023544,5009923324
10/21/2023,1402-07-29,2026450,2023540,2023540,2024973,3221150311
10/22/2023,1402-07-30,2033260,2026710,2026710,2032212,3581350417
10/23/2023,1402-08-01,2030880,2021890,2030880,2021904,4100281974
10/24/2023,1402-08-02,2021880,2000170,2021880,2000347,4242217315
10/25/2023,1402-08-03,2002110,1999700,1999930,2002075,3914838095
10/28/2023,1402-08-06,1994970,1951210,1994970,1951217,6641177973
10/29/2023,1402-08-07,1961310,1950310,1950310,1961311,4060283054
10/30/2023,1402-08-08,1981570,1962240,1962240,1981414,4046970679
10/31/2023,1402-08-09,1985250,1981200,1981900,1981205,3783263794
11/1/2023,1402-08-10,1979780,1967730,1979780,1970520,4538670855
11/4/2023,1402-08-13,1999200,1975900,1975900,1999208,4956578016
11/5/2023,1402-08-14,2016740,2000250,2000250,2016735,4705107827
11/6/2023,1402-08-15,2030870,2017290,2017290,2030872,4843982685
11/7/2023,1402-08-16,2052690,2031820,2031820,2052696,7572465211
11/8/2023,1402-08-17,2056040,2053920,2053920,2055945,4501567800
11/11/2023,1402-08-20,2058760,2054300,2056160,2054483,4553436896
11/12/2023,1402-08-21,2054640,2052560,2054500,2053633,4494006841
11/13/2023,1402-08-22,2058330,2054060,2054060,2055960,4689052339
11/14/2023,1402-08-23,2055840,2046060,2055840,2046067,4151709828
11/15/2023,1402-08-24,2045780,2038870,2045710,2038883,4124806884
11/18/2023,1402-08-27,2038810,2028560,2038810,2028579,3697269814
11/19/2023,1402-08-28,2031130,2026230,2028820,2026242,3894273167
11/20/2023,1402-08-29,2026250,2017910,2026250,2018008,3941809771
11/21/2023,1402-08-30,2020150,2018010,2018220,2020154,3760732857
11/22/2023,1402-09-01,2023970,2020700,2020700,2022332,4067774577
11/25/2023,1402-09-04,2023330,2019980,2022950,2019988,3942414609
11/26/2023,1402-09-05,2024470,2020990,2020990,2024448,4681535057
11/27/2023,1402-09-06,2027860,2025370,2025370,2026075,4196084294
11/28/2023,1402-09-07,2031900,2026220,2026470,2031880,4365928914
11/29/2023,1402-09-08,2060370,2034320,2034320,2060345,6701033484
12/2/2023,1402-09-11,2088070,2064230,2064230,2087696,6983363375
12/3/2023,1402-09-12,2121190,2087850,2088220,2121199,10104970668
12/4/2023,1402-09-13,2165460,2142270,2142270,2165228,9624103285
12/5/2023,1402-09-14,2177240,2165190,2165190,2176504,8816185402
12/6/2023,1402-09-15,2177470,2171020,2177470,2171023,5585574048
12/9/2023,1402-09-18,2171490,2160960,2171230,2160965,5637847919
12/10/2023,1402-09-19,2161420,2159410,2160960,2161074,4816670431
12/11/2023,1402-09-20,2165680,2161630,2161630,2162560,5257000893
12/12/2023,1402-09-21,2164380,2161240,2163400,2161267,5862611257
12/13/2023,1402-09-22,2161610,2158080,2161610,2158088,4607520016
12/16/2023,1402-09-25,2171820,2158840,2158840,2171823,4859395624
12/18/2023,1402-09-27,2207650,2173520,2173520,2207653,8049806556
12/19/2023,1402-09-28,2215610,2207120,2207170,2211856,6938044551
12/20/2023,1402-09-29,2213900,2210210,2211110,2210217,5541604184
12/23/2023,1402-10-02,2210700,2208330,2209960,2208343,5069584528
12/24/2023,1402-10-03,2208590,2200100,2208590,2200110,5198315936
12/25/2023,1402-10-04,2200100,2194490,2200100,2194500,5585591364
12/26/2023,1402-10-05,2193620,2178750,2193620,2178752,5647004152
12/27/2023,1402-10-06,2179310,2177410,2178990,2177410,4179593089
12/30/2023,1402-10-09,2184180,2178610,2178610,2182718,5088271345
12/31/2023,1402-10-10,2182820,2176090,2182820,2176102,4461490642
1/1/2024,1402-10-11,2176380,2168320,2176380,2168327,4278116549
1/2/2024,1402-10-12,2168290,2158760,2168290,2158766,3682531727
1/3/2024,1402-10-13,2159180,2155080,2158980,2155235,4155159966
1/6/2024,1402-10-16,2155290,2151950,2155290,2153719,4675422836
1/7/2024,1402-10-17,2156920,2154320,2154320,2154776,3970262910
1/8/2024,1402-10-18,2156550,2153950,2154710,2153956,4031781416
1/9/2024,1402-10-19,2156880,2153480,2154130,2156372,4393661773
1/10/2024,1402-10-20,2170960,2157090,2157090,2170964,5022813105
1/13/2024,1402-10-23,2180930,2170920,2170980,2180524,5698262104
1/14/2024,1402-10-24,2197290,2181210,2181210,2197290,5799903260
1/15/2024,1402-10-25,2198210,2194990,2197910,2194999,5150701140
1/16/2024,1402-10-26,2193820,2186960,2193820,2186970,5017616885
1/17/2024,1402-10-27,2189100,2185970,2187080,2185977,4002960886
1/20/2024,1402-10-30,2188210,2166920,2186910,2166928,6512157758
1/21/2024,1402-11-01,2163860,2153200,2163860,2153212,5175205916
1/22/2024,1402-11-02,2156260,2146540,2153720,2146563,5351529846
1/23/2024,1402-11-03,2146190,2120030,2146190,2120049,5662218260
1/24/2024,1402-11-04,2124430,2120150,2120150,2123491,3185654853
1/27/2024,1402-11-07,2128090,2124130,2124130,2126831,3859048722
1/28/2024,1402-11-08,2128200,2127350,2127370,2128028,5435468343
1/29/2024,1402-11-09,2127620,2120090,2127620,2120268,5111303655
1/30/2024,1402-11-10,2120290,2110330,2120290,2110339,5140666752
1/31/2024,1402-11-11,2110320,2105840,2110320,2107273,4390338400
2/3/2024,1402-11-14,2114230,2107410,2107410,2111083,4139314237
2/4/2024,1402-11-15,2111530,2100170,2111530,2100174,4481901627
2/5/2024,1402-11-16,2100440,2098310,2100220,2098472,3639288895
2/6/2024,1402-11-17,2099440,2097240,2098760,2097247,3243116986
2/7/2024,1402-11-18,2098120,2097050,2097540,2098022,3895508763
2/10/2024,1402-11-21,2100860,2098460,2098460,2100104,3556575082
2/12/2024,1402-11-23,2100190,2091890,2100190,2091898,3823501496
2/13/2024,1402-11-24,2094560,2090290,2093450,2090309,4351842684
2/14/2024,1402-11-25,2089580,2078520,2089580,2078546,4445758808
2/17/2024,1402-11-28,2078730,2060010,2078730,2060020,4314238795
2/18/2024,1402-11-29,2064750,2059550,2059990,2064526,3336696847
2/19/2024,1402-11-30,2071160,2065010,2065010,2070775,3579752695
2/20/2024,1402-12-01,2071520,2070760,2070880,2071418,3417413470
2/21/2024,1402-12-02,2072240,2070720,2071680,2070816,3410398791
2/24/2024,1402-12-05,2071560,2065960,2071430,2066111,3923570334
2/26/2024,1402-12-07,2066160,2049410,2066160,2049784,4131469110
2/27/2024,1402-12-08,2049760,2045620,2049760,2046017,3509086555
2/28/2024,1402-12-09,2055580,2046940,2046940,2054827,3665297688
3/2/2024,1402-12-12,2086790,2055600,2055600,2086542,7096675456
3/3/2024,1402-12-13,2148080,2097550,2097550,2147089,7925449041
3/4/2024,1402-12-14,2150820,2140160,2149100,2140165,8558273664
3/5/2024,1402-12-15,2172810,2140540,2140540,2172228,7471522933
3/6/2024,1402-12-16,2173790,2165730,2172820,2165753,5039972395
3/9/2024,1402-12-19,2170030,2163750,2167260,2163750,5625481766
3/10/2024,1402-12-20,2163960,2160220,2163960,2160225,4823010455
3/11/2024,1402-12-21,2162670,2159540,2159900,2161564,7822526561
3/12/2024,1402-12-22,2169390,2163470,2163490,2163479,6983645029
3/13/2024,1402-12-23,2164000,2150020,2164000,2150035,5442080330
3/16/2024,1402-12-26,2156180,2148480,2153120,2148494,5046800785
3/17/2024,1402-12-27,2160480,2149420,2149420,2160406,4794783735
3/18/2024,1402-12-28,2195090,2161140,2161140,2195092,4535816462
3/24/2024,1403-01-05,2236360,2198580,2198580,2236348,5468391958
3/25/2024,1403-01-06,2254680,2240760,2240760,2253603,6784414300
3/26/2024,1403-01-07,2253540,2248820,2253540,2249427,4918204166
3/27/2024,1403-01-08,2261390,2250280,2250280,2261386,12191289432
3/30/2024,1403-01-11,2261580,2259460,2261580,2261172,8267227254
4/2/2024,1403-01-14,2251960,2238680,2251960,2245265,8219423555
4/3/2024,1403-01-15,2255600,2245890,2245890,2250908,5972408940
4/6/2024,1403-01-18,2254690,2230990,2251690,2231023,10452364442
4/7/2024,1403-01-19,2236790,2233990,2234320,2234926,7511790404
4/8/2024,1403-01-20,2254850,2237170,2237170,2254853,5079941728
4/9/2024,1403-01-21,2261900,2254840,2255200,2261899,6234367269
4/13/2024,1403-01-25,2256370,2207960,2256370,2207970,9138873203
4/14/2024,1403-01-26,2204120,2196770,2204120,2196790,1775868929
4/15/2024,1403-01-27,2206900,2198980,2198980,2206908,4885806155
4/16/2024,1403-01-28,2207350,2201170,2207350,2201982,5764378395
4/17/2024,1403-01-29,2208750,2203040,2203040,2208215,3778480179
4/20/2024,1403-02-01,2285850,2235520,2235520,2285844,9148607488
4/21/2024,1403-02-02,2316130,2302420,2302420,2312818,7707206576
4/22/2024,1403-02-03,2318550,2310720,2312280,2316803,6387545539
4/23/2024,1403-02-04,2316750,2303370,2316750,2303378,7268665115
4/24/2024,1403-02-05,2307550,2303850,2303850,2304326,6257889937
